Name,student_id,ssn,gender,spouse_id,address,phone,year_of_study,fhID,major
John Smith,123456789,987654321,M,101010101,"Building 1 Apt 101 3000 Landerholm Cir SE, Bellevue WA","(123)366-7890",2018,123456789,Computer Science
Jane Smith,101010101,112233445,F,123456789,"Building 1 Apt 101 3000 Landerholm Cir SE, Bellevue WA","(123)529-6014",2018,123456789,Biology
Forrest Gump,135431852,452631486,M,NULL,"Building 1 Apt 105 3000 Landerholm Cir SE, Bellevue WA","(123)852-6421",2017,135431852,Physical Education
Luke Skywalker,136587423,521439215,M,NULL,"Building 1 Apt 208 3000 Landerholm Cir SE, Bellevue, WA","(256)394-2618",2018,136587423,Business Management
Marty McFly,246123854,621523498,M,NULL,"1524 Hill Valley Rd, Renton WA","(342)153-8214",1985,246123854,Physics
James T Kirk,123098765,987113786,M,NULL,"1701 Enterprise Dr, Riverside IA","(425)092-3781",2008,123098765,Military History