address,building_num,unit_type,unit_num,vacant_date
Building 1 Apt 101 3000 Landerholm Cir SE Bellevue WA 98007,1,4,101,2018-12-20
Building 1 Apt 105 3000 Landerholm Cir SE Bellevue WA 98007,1,2,105,2019-03-30
Building 1 Apt 208 3000 Landerholm Cir SE Bellevue WA 98007,1,3,208,2019-03-30
Building 1 Apt 303 3000 Landerholm Cir SE Bellevue WA 98007,1,4,303,2019-03-30
Building 1 Apt 206 3000 Landerholm Cir SE Bellevue WA 98007,1,5,206,2018-12-30
Building 1 Apt 301 3000 Landerholm Cir SE Bellevue WA 98007,1,6,301,2019-03-30